date,slug,game,category,title,primary_source_url
2026-10-07,arc-raiders-frozen-trail-pendola-pass,arc-raiders,news,ARC Raiders Frozen Trail: Everything New in Pendola Pass,https://arcraiders.com/news/frozen-trail-content-preview
2026-10-07,arc-raiders-reward-pass-explained,arc-raiders,guide,ARC Raiders Reward Pass Explained: Free vs Premium in Frozen Trail,https://arcraiders.com/news/frozen-trail-reward-pass
2026-10-07,gta-6-preload-date,gta6,guide,GTA 6 Pre-load Starts November 12: How It Works on PS5 and Xbox,https://support.rockstargames.com/articles/4QfG4FmZCf5W1gS8jy4UVT/grand-theft-auto-vi-platform-editions-and-versions
2026-10-07,gta-6-price-editions-platforms,gta6,news,"GTA 6 Price, Editions and Platforms: What's Officially Confirmed",https://taketwointeractivesoftwareinc.gcs-web.com/news-releases/news-release-details/rockstar-games-announces-pre-orders-grand-theft-auto-vi
2026-10-07,mw4-campaign-early-access,mw4,guide,"MW4 Campaign Early Access: Start Date, Who Gets It and Platforms",https://www.callofduty.com/blog/2026/06/call-of-duty-modern-warfare-4-campaign-early-access
2026-10-07,mw4-multiplayer-whats-new,mw4,news,"Modern Warfare 4 Multiplayer: Kill Block, Gunny, Apex Attachments and Everything Confirmed",https://www.callofduty.com/blog/2026/05/call-of-duty-modern-warfare-4-announcement
2026-10-09,gta-6-radio-stations-revealed,gta6,news,"GTA 6 Radio Stations Revealed: Flash FM Returns, Six Stations to Preview and First-Ever Podcasts",https://www.rockstargames.com/VI/music
2026-10-09,mw4-dmz-bounties-wanted-explained,mw4,news,"MW4 DMZ Bounties Explained: Wanted Status, Bounty Stations and the Most Wanted Leaderboard",https://www.callofduty.com/blog/2026/10/call-of-duty-modern-warfare-4-dmz-deep-dive-hajin
2026-10-09,arc-raiders-hotfix-2-0-2-free-weekend,arc-raiders,news,ARC Raiders Hotfix 2.0.2: Invisible Weapons and Server Crashes Fixed as Free Weekend Runs to Oct 12,https://arcraiders.com/news/frozen-trail-is-live
2026-10-09,gta-6-money-story-progression,gta6,news,"GTA 6 Will Make You Earn Cash to Advance the Story, Rockstar Confirms",https://za.ign.com/grand-theft-auto-vi/242869/gta-6-the-big-interview
